{ "height":8,
 "infinite":false,
 "layers":[
        {
         "data":[11, 2, 11, 11, 11, 11, 11, 11, 11, 11, 11, 2, 11, 11, 11, 11, 11, 1, 11, 11, 1, 16, 3, 3, 3, 3, 3, 15, 11, 11, 1, 1, 1, 1, 1, 1, 1, 2, 11, 11, 1, 1, 1, 1, 1, 1, 1, 2, 11, 11, 1, 1, 1, 1, 1, 1, 1, 2, 11, 11, 1, 1, 1, 1, 1, 1, 1, 2, 11, 11, 1, 1, 1, 1, 1, 1, 1, 2, 11, 11],
         "height":8,
         "name":"Background",
         "opacity":1,
         "type":"tilelayer",
         "visible":true,
         "width":10,
         "x":0,
         "y":0
        }],
 "nextobjectid":7,
 "orientation":"orthogonal",
 "renderorder":"right-up",
 "tiledversion":"1.1.5",
 "tileheight":64,
 "tilesets":[
        {
         "columns":10,
         "firstgid":1,
         "image":"..\/..\/tiled\/terrainTiles_default.png",
         "imageheight":256,
         "imagewidth":640,
         "margin":0,
         "name":"terrainTiles_default",
         "spacing":0,
         "tilecount":40,
         "tileheight":64,
         "tilewidth":64
        }],
 "tilewidth":64,
 "type":"map",
 "version":1,
 "width":10
}